<?xml version="1.0" encoding="UTF-8"?>
<beans xmlns="http://www.springframework.org/schema/beans"
       xmlns:xsi="http://www.w3.org/2001/XMLSchema-instance"
       xmlns:p="http://www.springframework.org/schema/p"
       xmlns:context="http://www.springframework.org/schema/context"
       xmlns:mvc="http://www.springframework.org/schema/mvc"
       xsi:schemaLocation="
        http://www.springframework.org/schema/beans
        http://www.springframework.org/schema/beans/spring-beans.xsd
        http://www.springframework.org/schema/context
        http://www.springframework.org/schema/context/spring-context.xsd
         http://www.springframework.org/schema/mvc
         http://www.springframework.org/schema/mvc/spring-mvc.xsd">

    <context:component-scan base-package="com.dubboclub.dk.web"/>

    <mvc:view-controller path="/" view-name="redirect:/index.htm" />
    <bean class="org.springframework.web.servlet.view.ContentNegotiatingViewResolver">
       <property name="contentNegotiationManager">
           <!--过滤当前应用能够支持的请求类型-->
           <bean id="contentNegotiationManager" class="org.springframework.web.accept.ContentNegotiationManagerFactoryBean">
               <property name="favorPathExtension" value="false" />
               <property name="favorParameter" value="false" />
               <property name="mediaTypes" >
                   <value>
                       json=application/json
                   </value>
               </property>
           </bean>
       </property>
        <property name="viewResolvers">
            <list>
                <bean class="org.springframework.web.servlet.view.InternalResourceViewResolver">
                    <property name= "viewClass"   value ="org.springframework.web.servlet.view.JstlView" />
                    <property name="prefix" value="WEB-INF/jsp/"/>
                    <property name="suffix" value=".jsp"/>
                </bean>
            </list>
        </property>
        <property name="defaultViews">
            <list>
                <bean class="org.springframework.web.servlet.view.json.MappingJackson2JsonView" />
            </list>
        </property>
    </bean>

    <bean class="org.springframework.web.servlet.mvc.method.annotation.RequestMappingHandlerAdapter">
        <property name="messageConverters">
            <list>
                <bean class="org.springframework.http.converter.json.MappingJackson2HttpMessageConverter"/>
            </list>
        </property>
    </bean>
    <bean  class="org.springframework.web.servlet.mvc.method.annotation.RequestMappingHandlerMapping"/>

    <!--静态资源请求映射-->
    <mvc:resources mapping="/css/**" location="/css/"/>
    <mvc:resources mapping="/img/**" location="/img/"/>
    <mvc:resources mapping="/js/**" location="/js/"/>
    <mvc:resources mapping="/templates/**" location="/templates/"/>
</beans>